,Country,Year,LCC
1,1,2014,TRUE
2,2,2014,FALSE
3,3,2014,FALSE
4,4,2014,NULL
5,5,2014,FALSE
6,6,2014,TRUE
7,7,2014,NULL
8,8,2014,FALSE
9,9,2014,FALSE
10,10,2014,FALSE
11,11,2014,NULL
12,12,2014,NULL
13,13,2014,FALSE
14,14,2014,FALSE
15,15,2014,FALSE
16,16,2014,NULL
17,17,2014,FALSE
18,18,2014,TRUE
19,19,2014,FALSE
20,20,2014,FALSE
21,21,2014,FALSE
22,22,2014,FALSE
23,23,2014,TRUE
24,24,2014,NULL
25,25,2014,FALSE
26,26,2014,FALSE
27,27,2014,FALSE
28,28,2014,FALSE
29,29,2014,FALSE
30,30,2014,NULL
31,31,2014,FALSE
32,32,2014,FALSE
33,33,2014,TRUE
34,34,2014,NULL
35,35,2014,TRUE
36,36,2014,TRUE
37,37,2014,FALSE
38,38,2014,FALSE
39,39,2014,NULL
40,40,2014,NULL
41,41,2014,TRUE
42,42,2014,FALSE
43,43,2014,FALSE
44,44,2014,NULL
45,45,2014,FALSE
46,46,2014,NULL
47,47,2014,TRUE
48,48,2014,TRUE
49,49,2014,FALSE
50,50,2014,TRUE
51,51,2014,FALSE
52,52,2014,TRUE
53,53,2014,FALSE
54,54,2014,FALSE
55,55,2014,NULL
56,56,2014,FALSE
57,57,2014,TRUE
58,58,2014,FALSE
59,59,2014,FALSE
60,60,2014,FALSE
61,61,2014,FALSE
62,62,2014,FALSE
63,63,2014,TRUE
64,64,2014,TRUE
65,65,2014,FALSE
66,66,2014,TRUE
67,67,2014,NULL
68,68,2014,NULL
69,69,2014,FALSE
70,70,2014,FALSE
71,71,2014,FALSE
72,72,2014,NULL
73,73,2014,TRUE
74,74,2014,TRUE
75,75,2014,FALSE
76,76,2014,FALSE
77,77,2014,FALSE
78,78,2014,NULL
79,79,2014,FALSE
80,80,2014,NULL
81,81,2014,FALSE
82,82,2014,NULL
83,83,2014,FALSE
84,84,2014,NULL
85,85,2014,NULL
86,86,2014,TRUE
87,87,2014,FALSE
88,88,2014,NULL
89,89,2014,FALSE
90,90,2014,FALSE
91,91,2014,FALSE
92,92,2014,FALSE
93,93,2014,TRUE
94,94,2014,FALSE
95,95,2014,FALSE
96,96,2014,NULL
97,97,2014,FALSE
98,98,2014,FALSE
99,99,2014,FALSE
100,100,2014,FALSE
101,101,2014,FALSE
102,102,2014,NULL
103,103,2014,FALSE
104,104,2014,FALSE
105,105,2014,FALSE
106,106,2014,NULL
107,107,2014,FALSE
108,108,2014,FALSE
109,109,2014,FALSE
110,110,2014,TRUE
111,111,2014,FALSE
112,112,2014,FALSE
113,113,2014,TRUE
114,114,2014,TRUE
115,115,2014,NULL
116,116,2014,NULL
117,117,2014,FALSE
118,118,2014,FALSE
119,119,2014,FALSE
120,120,2014,TRUE
121,121,2014,TRUE
122,122,2014,FALSE
123,123,2014,FALSE
124,124,2014,TRUE
125,125,2014,FALSE
126,126,2014,NULL
127,127,2014,TRUE
128,128,2014,FALSE
129,129,2014,NULL
130,130,2014,FALSE
131,131,2014,NULL
132,132,2014,FALSE
133,133,2014,FALSE
134,134,2014,FALSE
135,135,2014,FALSE
136,136,2014,NULL
137,137,2014,FALSE
138,138,2014,TRUE
139,139,2014,TRUE
140,140,2014,FALSE
141,141,2014,NULL
142,142,2014,TRUE
143,143,2014,NULL
144,144,2014,FALSE
145,145,2014,NULL
146,146,2014,FALSE
147,147,2014,FALSE
148,148,2014,NULL
149,149,2014,TRUE
150,150,2014,NULL
151,151,2014,NULL
152,152,2014,NULL
153,153,2014,FALSE
154,154,2014,FALSE
155,155,2014,TRUE
156,156,2014,NULL
157,157,2014,NULL
158,158,2014,FALSE
159,159,2014,NULL
160,160,2014,FALSE
161,161,2014,FALSE
162,162,2014,FALSE
163,163,2014,FALSE
164,164,2014,FALSE
165,165,2014,NULL
166,166,2014,FALSE
167,167,2014,FALSE
168,168,2014,FALSE
169,169,2014,TRUE
170,170,2014,NULL
171,171,2014,FALSE
172,172,2014,NULL
173,173,2014,FALSE
174,174,2014,TRUE
175,175,2014,FALSE
176,176,2014,FALSE
177,177,2014,NULL
178,178,2014,FALSE
179,179,2014,FALSE
180,180,2014,FALSE
181,181,2014,TRUE
182,182,2014,NULL
183,183,2014,FALSE
184,184,2014,TRUE
185,185,2014,FALSE
186,186,2014,FALSE
187,187,2014,NULL
188,188,2014,FALSE
189,189,2014,FALSE
190,190,2014,NULL
191,191,2014,FALSE
192,192,2014,TRUE
193,193,2014,FALSE
194,194,2014,NULL
195,195,2014,FALSE
196,196,2014,FALSE
197,197,2014,FALSE
198,198,2014,NULL
199,199,2014,NULL
200,200,2014,TRUE
201,201,2014,FALSE
202,202,2014,FALSE
203,203,2014,NULL
204,204,2014,TRUE
205,205,2014,NULL
206,206,2014,FALSE
207,207,2014,FALSE
208,208,2014,FALSE
209,209,2014,FALSE
210,210,2014,NULL
211,211,2014,NULL
212,212,2014,NULL
213,213,2014,TRUE
214,214,2014,FALSE
215,215,2014,FALSE
216,216,2014,FALSE
217,217,2014,FALSE
218,218,2014,FALSE
219,219,2014,NULL
220,220,2014,TRUE
221,221,2014,NULL
222,222,2014,FALSE
223,223,2014,FALSE
224,224,2014,NULL
225,225,2014,NULL
226,226,2014,NULL
227,227,2014,TRUE
228,228,2014,TRUE
229,1,2013,TRUE
230,2,2013,FALSE
231,3,2013,FALSE
232,4,2013,NULL
233,5,2013,FALSE
234,6,2013,TRUE
235,7,2013,NULL
236,8,2013,FALSE
237,9,2013,FALSE
238,10,2013,FALSE
239,11,2013,NULL
240,12,2013,NULL
241,13,2013,FALSE
242,14,2013,FALSE
243,15,2013,FALSE
244,16,2013,NULL
245,17,2013,FALSE
246,18,2013,TRUE
247,19,2013,FALSE
248,20,2013,FALSE
249,21,2013,FALSE
250,22,2013,NULL
251,23,2013,TRUE
252,24,2013,NULL
253,25,2013,FALSE
254,26,2013,FALSE
255,27,2013,FALSE
256,28,2013,FALSE
257,29,2013,FALSE
258,30,2013,NULL
259,31,2013,FALSE
260,32,2013,FALSE
261,33,2013,TRUE
262,34,2013,NULL
263,35,2013,TRUE
264,36,2013,TRUE
265,37,2013,FALSE
266,38,2013,FALSE
267,39,2013,NULL
268,40,2013,TRUE
269,41,2013,TRUE
270,42,2013,FALSE
271,43,2013,FALSE
272,44,2013,NULL
273,45,2013,FALSE
274,46,2013,NULL
275,47,2013,TRUE
276,48,2013,TRUE
277,49,2013,FALSE
278,50,2013,TRUE
279,51,2013,FALSE
280,52,2013,TRUE
281,53,2013,FALSE
282,54,2013,FALSE
283,55,2013,NULL
284,56,2013,FALSE
285,57,2013,TRUE
286,58,2013,FALSE
287,59,2013,FALSE
288,60,2013,FALSE
289,61,2013,FALSE
290,62,2013,FALSE
291,63,2013,NULL
292,64,2013,TRUE
293,65,2013,FALSE
294,66,2013,TRUE
295,67,2013,NULL
296,68,2013,NULL
297,69,2013,FALSE
298,70,2013,FALSE
299,71,2013,FALSE
300,72,2013,NULL
301,73,2013,TRUE
302,74,2013,TRUE
303,75,2013,FALSE
304,76,2013,FALSE
305,77,2013,FALSE
306,78,2013,NULL
307,79,2013,FALSE
308,80,2013,NULL
309,81,2013,FALSE
310,82,2013,NULL
311,83,2013,FALSE
312,84,2013,NULL
313,85,2013,TRUE
314,86,2013,TRUE
315,87,2013,FALSE
316,88,2013,NULL
317,89,2013,FALSE
318,90,2013,FALSE
319,91,2013,FALSE
320,92,2013,FALSE
321,93,2013,TRUE
322,94,2013,FALSE
323,95,2013,FALSE
324,96,2013,NULL
325,97,2013,FALSE
326,98,2013,FALSE
327,99,2013,FALSE
328,100,2013,FALSE
329,101,2013,FALSE
330,102,2013,NULL
331,103,2013,FALSE
332,104,2013,FALSE
333,105,2013,FALSE
334,106,2013,NULL
335,107,2013,FALSE
336,108,2013,NULL
337,109,2013,FALSE
338,110,2013,TRUE
339,111,2013,FALSE
340,112,2013,FALSE
341,113,2013,TRUE
342,114,2013,TRUE
343,115,2013,NULL
344,116,2013,NULL
345,117,2013,FALSE
346,118,2013,FALSE
347,119,2013,FALSE
348,120,2013,TRUE
349,121,2013,TRUE
350,122,2013,FALSE
351,123,2013,FALSE
352,124,2013,TRUE
353,125,2013,FALSE
354,126,2013,NULL
355,127,2013,TRUE
356,128,2013,FALSE
357,129,2013,NULL
358,130,2013,FALSE
359,131,2013,NULL
360,132,2013,FALSE
361,133,2013,FALSE
362,134,2013,FALSE
363,135,2013,FALSE
364,136,2013,NULL
365,137,2013,FALSE
366,138,2013,TRUE
367,139,2013,TRUE
368,140,2013,FALSE
369,141,2013,NULL
370,142,2013,TRUE
371,143,2013,NULL
372,144,2013,FALSE
373,145,2013,NULL
374,146,2013,FALSE
375,147,2013,FALSE
376,148,2013,TRUE
377,149,2013,TRUE
378,150,2013,NULL
379,151,2013,NULL
380,152,2013,NULL
381,153,2013,FALSE
382,154,2013,FALSE
383,155,2013,TRUE
384,156,2013,NULL
385,157,2013,FALSE
386,158,2013,FALSE
387,159,2013,NULL
388,160,2013,FALSE
389,161,2013,FALSE
390,162,2013,FALSE
391,163,2013,FALSE
392,164,2013,FALSE
393,165,2013,NULL
394,166,2013,FALSE
395,167,2013,FALSE
396,168,2013,FALSE
397,169,2013,TRUE
398,170,2013,NULL
399,171,2013,NULL
400,172,2013,NULL
401,173,2013,FALSE
402,174,2013,TRUE
403,175,2013,FALSE
404,176,2013,FALSE
405,177,2013,NULL
406,178,2013,FALSE
407,179,2013,FALSE
408,180,2013,FALSE
409,181,2013,TRUE
410,182,2013,NULL
411,183,2013,FALSE
412,184,2013,NULL
413,185,2013,FALSE
414,186,2013,FALSE
415,187,2013,NULL
416,188,2013,FALSE
417,189,2013,FALSE
418,190,2013,NULL
419,191,2013,FALSE
420,192,2013,FALSE
421,193,2013,FALSE
422,194,2013,TRUE
423,195,2013,FALSE
424,196,2013,FALSE
425,197,2013,FALSE
426,198,2013,NULL
427,199,2013,NULL
428,200,2013,TRUE
429,201,2013,FALSE
430,202,2013,FALSE
431,203,2013,NULL
432,204,2013,NULL
433,205,2013,NULL
434,206,2013,NULL
435,207,2013,FALSE
436,208,2013,FALSE
437,209,2013,FALSE
438,210,2013,NULL
439,211,2013,NULL
440,212,2013,NULL
441,213,2013,TRUE
442,214,2013,FALSE
443,215,2013,FALSE
444,216,2013,FALSE
445,217,2013,FALSE
446,218,2013,FALSE
447,219,2013,FALSE
448,220,2013,NULL
449,221,2013,NULL
450,222,2013,FALSE
451,223,2013,FALSE
452,224,2013,NULL
453,225,2013,NULL
454,226,2013,TRUE
455,227,2013,TRUE
456,228,2013,FALSE
457,1,2012,TRUE
458,2,2012,FALSE
459,3,2012,FALSE
460,4,2012,NULL
461,5,2012,FALSE
462,6,2012,TRUE
463,7,2012,NULL
464,8,2012,FALSE
465,9,2012,FALSE
466,10,2012,FALSE
467,11,2012,NULL
468,12,2012,NULL
469,13,2012,FALSE
470,14,2012,FALSE
471,15,2012,FALSE
472,16,2012,NULL
473,17,2012,FALSE
474,18,2012,TRUE
475,19,2012,FALSE
476,20,2012,FALSE
477,21,2012,FALSE
478,22,2012,NULL
479,23,2012,TRUE
480,24,2012,NULL
481,25,2012,TRUE
482,26,2012,FALSE
483,27,2012,FALSE
484,28,2012,FALSE
485,29,2012,FALSE
486,30,2012,NULL
487,31,2012,FALSE
488,32,2012,FALSE
489,33,2012,TRUE
490,34,2012,NULL
491,35,2012,TRUE
492,36,2012,TRUE
493,37,2012,FALSE
494,38,2012,FALSE
495,39,2012,NULL
496,40,2012,TRUE
497,41,2012,TRUE
498,42,2012,FALSE
499,43,2012,FALSE
500,44,2012,NULL
501,45,2012,FALSE
502,46,2012,NULL
503,47,2012,TRUE
504,48,2012,TRUE
505,49,2012,FALSE
506,50,2012,TRUE
507,51,2012,FALSE
508,52,2012,FALSE
509,53,2012,FALSE
510,54,2012,FALSE
511,55,2012,NULL
512,56,2012,FALSE
513,57,2012,TRUE
514,58,2012,FALSE
515,59,2012,FALSE
516,60,2012,FALSE
517,61,2012,FALSE
518,62,2012,FALSE
519,63,2012,NULL
520,64,2012,TRUE
521,65,2012,FALSE
522,66,2012,TRUE
523,67,2012,NULL
524,68,2012,NULL
525,69,2012,FALSE
526,70,2012,FALSE
527,71,2012,FALSE
528,72,2012,NULL
529,73,2012,TRUE
530,74,2012,TRUE
531,75,2012,FALSE
532,76,2012,FALSE
533,77,2012,FALSE
534,78,2012,NULL
535,79,2012,FALSE
536,80,2012,NULL
537,81,2012,FALSE
538,82,2012,NULL
539,83,2012,FALSE
540,84,2012,NULL
541,85,2012,TRUE
542,86,2012,TRUE
543,87,2012,FALSE
544,88,2012,NULL
545,89,2012,FALSE
546,90,2012,FALSE
547,91,2012,FALSE
548,92,2012,FALSE
549,93,2012,TRUE
550,94,2012,FALSE
551,95,2012,FALSE
552,96,2012,NULL
553,97,2012,FALSE
554,98,2012,FALSE
555,99,2012,FALSE
556,100,2012,FALSE
557,101,2012,FALSE
558,102,2012,NULL
559,103,2012,FALSE
560,104,2012,FALSE
561,105,2012,FALSE
562,106,2012,NULL
563,107,2012,FALSE
564,108,2012,NULL
565,109,2012,FALSE
566,110,2012,TRUE
567,111,2012,FALSE
568,112,2012,FALSE
569,113,2012,TRUE
570,114,2012,TRUE
571,115,2012,NULL
572,116,2012,NULL
573,117,2012,FALSE
574,118,2012,FALSE
575,119,2012,FALSE
576,120,2012,TRUE
577,121,2012,TRUE
578,122,2012,FALSE
579,123,2012,FALSE
580,124,2012,TRUE
581,125,2012,FALSE
582,126,2012,NULL
583,127,2012,TRUE
584,128,2012,FALSE
585,129,2012,NULL
586,130,2012,FALSE
587,131,2012,NULL
588,132,2012,FALSE
589,133,2012,FALSE
590,134,2012,FALSE
591,135,2012,FALSE
592,136,2012,NULL
593,137,2012,FALSE
594,138,2012,TRUE
595,139,2012,TRUE
596,140,2012,FALSE
597,141,2012,NULL
598,142,2012,TRUE
599,143,2012,NULL
600,144,2012,FALSE
601,145,2012,NULL
602,146,2012,FALSE
603,147,2012,FALSE
604,148,2012,TRUE
605,149,2012,TRUE
606,150,2012,NULL
607,151,2012,NULL
608,152,2012,NULL
609,153,2012,FALSE
610,154,2012,FALSE
611,155,2012,TRUE
612,156,2012,NULL
613,157,2012,FALSE
614,158,2012,FALSE
615,159,2012,NULL
616,160,2012,FALSE
617,161,2012,FALSE
618,162,2012,FALSE
619,163,2012,FALSE
620,164,2012,FALSE
621,165,2012,NULL
622,166,2012,FALSE
623,167,2012,FALSE
624,168,2012,FALSE
625,169,2012,TRUE
626,170,2012,NULL
627,171,2012,NULL
628,172,2012,NULL
629,173,2012,FALSE
630,174,2012,TRUE
631,175,2012,FALSE
632,176,2012,FALSE
633,177,2012,NULL
634,178,2012,FALSE
635,179,2012,FALSE
636,180,2012,FALSE
637,181,2012,TRUE
638,182,2012,NULL
639,183,2012,FALSE
640,184,2012,NULL
641,185,2012,FALSE
642,186,2012,FALSE
643,187,2012,NULL
644,188,2012,FALSE
645,189,2012,FALSE
646,190,2012,NULL
647,191,2012,FALSE
648,192,2012,FALSE
649,193,2012,FALSE
650,194,2012,TRUE
651,195,2012,FALSE
652,196,2012,FALSE
653,197,2012,FALSE
654,198,2012,NULL
655,199,2012,NULL
656,200,2012,TRUE
657,201,2012,FALSE
658,202,2012,FALSE
659,203,2012,NULL
660,204,2012,NULL
661,205,2012,NULL
662,206,2012,NULL
663,207,2012,FALSE
664,208,2012,FALSE
665,209,2012,FALSE
666,210,2012,NULL
667,211,2012,NULL
668,212,2012,NULL
669,213,2012,TRUE
670,214,2012,FALSE
671,215,2012,FALSE
672,216,2012,FALSE
673,217,2012,FALSE
674,218,2012,FALSE
675,219,2012,FALSE
676,220,2012,NULL
677,221,2012,NULL
678,222,2012,FALSE
679,223,2012,FALSE
680,224,2012,NULL
681,225,2012,NULL
682,226,2012,TRUE
683,227,2012,TRUE
684,228,2012,FALSE
685,1,2011,NULL
686,2,2011,FALSE
687,3,2011,FALSE
688,4,2011,NULL
689,5,2011,NULL
690,6,2011,TRUE
691,7,2011,NULL
692,8,2011,FALSE
693,9,2011,FALSE
694,10,2011,FALSE
695,11,2011,NULL
696,12,2011,NULL
697,13,2011,FALSE
698,14,2011,FALSE
699,15,2011,FALSE
700,16,2011,NULL
701,17,2011,FALSE
702,18,2011,TRUE
703,19,2011,FALSE
704,20,2011,FALSE
705,21,2011,FALSE
706,22,2011,NULL
707,23,2011,TRUE
708,24,2011,NULL
709,25,2011,FALSE
710,26,2011,FALSE
711,27,2011,FALSE
712,28,2011,FALSE
713,29,2011,FALSE
714,30,2011,NULL
715,31,2011,FALSE
716,32,2011,FALSE
717,33,2011,TRUE
718,34,2011,NULL
719,35,2011,TRUE
720,36,2011,TRUE
721,37,2011,FALSE
722,38,2011,FALSE
723,39,2011,NULL
724,40,2011,TRUE
725,41,2011,TRUE
726,42,2011,FALSE
727,43,2011,FALSE
728,44,2011,NULL
729,45,2011,FALSE
730,46,2011,TRUE
731,47,2011,TRUE
732,48,2011,TRUE
733,49,2011,FALSE
734,50,2011,TRUE
735,51,2011,FALSE
736,52,2011,FALSE
737,53,2011,FALSE
738,54,2011,FALSE
739,55,2011,NULL
740,56,2011,FALSE
741,57,2011,TRUE
742,58,2011,NULL
743,59,2011,FALSE
744,60,2011,FALSE
745,61,2011,FALSE
746,62,2011,FALSE
747,63,2011,NULL
748,64,2011,TRUE
749,65,2011,FALSE
750,66,2011,TRUE
751,67,2011,NULL
752,68,2011,NULL
753,69,2011,FALSE
754,70,2011,FALSE
755,71,2011,FALSE
756,72,2011,NULL
757,73,2011,FALSE
758,74,2011,TRUE
759,75,2011,FALSE
760,76,2011,FALSE
761,77,2011,FALSE
762,78,2011,NULL
763,79,2011,FALSE
764,80,2011,NULL
765,81,2011,NULL
766,82,2011,NULL
767,83,2011,NULL
768,84,2011,NULL
769,85,2011,TRUE
770,86,2011,TRUE
771,87,2011,FALSE
772,88,2011,NULL
773,89,2011,FALSE
774,90,2011,FALSE
775,91,2011,FALSE
776,92,2011,FALSE
777,93,2011,TRUE
778,94,2011,FALSE
779,95,2011,FALSE
780,96,2011,NULL
781,97,2011,FALSE
782,98,2011,FALSE
783,99,2011,FALSE
784,100,2011,FALSE
785,101,2011,FALSE
786,102,2011,NULL
787,103,2011,FALSE
788,104,2011,FALSE
789,105,2011,FALSE
790,106,2011,NULL
791,107,2011,FALSE
792,108,2011,NULL
793,109,2011,NULL
794,110,2011,TRUE
795,111,2011,FALSE
796,112,2011,FALSE
797,113,2011,TRUE
798,114,2011,TRUE
799,115,2011,NULL
800,116,2011,NULL
801,117,2011,FALSE
802,118,2011,FALSE
803,119,2011,FALSE
804,120,2011,TRUE
805,121,2011,TRUE
806,122,2011,FALSE
807,123,2011,FALSE
808,124,2011,TRUE
809,125,2011,FALSE
810,126,2011,NULL
811,127,2011,TRUE
812,128,2011,FALSE
813,129,2011,NULL
814,130,2011,FALSE
815,131,2011,NULL
816,132,2011,FALSE
817,133,2011,NULL
818,134,2011,FALSE
819,135,2011,NULL
820,136,2011,NULL
821,137,2011,FALSE
822,138,2011,TRUE
823,139,2011,TRUE
824,140,2011,FALSE
825,141,2011,NULL
826,142,2011,NULL
827,143,2011,NULL
828,144,2011,FALSE
829,145,2011,NULL
830,146,2011,FALSE
831,147,2011,FALSE
832,148,2011,TRUE
833,149,2011,TRUE
834,150,2011,NULL
835,151,2011,NULL
836,152,2011,NULL
837,153,2011,FALSE
838,154,2011,FALSE
839,155,2011,TRUE
840,156,2011,NULL
841,157,2011,NULL
842,158,2011,FALSE
843,159,2011,NULL
844,160,2011,FALSE
845,161,2011,FALSE
846,162,2011,FALSE
847,163,2011,FALSE
848,164,2011,FALSE
849,165,2011,NULL
850,166,2011,FALSE
851,167,2011,FALSE
852,168,2011,FALSE
853,169,2011,TRUE
854,170,2011,NULL
855,171,2011,NULL
856,172,2011,NULL
857,173,2011,FALSE
858,174,2011,TRUE
859,175,2011,FALSE
860,176,2011,FALSE
861,177,2011,NULL
862,178,2011,FALSE
863,179,2011,FALSE
864,180,2011,FALSE
865,181,2011,TRUE
866,182,2011,NULL
867,183,2011,FALSE
868,184,2011,NULL
869,185,2011,FALSE
870,186,2011,FALSE
871,187,2011,NULL
872,188,2011,NULL
873,189,2011,FALSE
874,190,2011,NULL
875,191,2011,FALSE
876,192,2011,FALSE
877,193,2011,FALSE
878,194,2011,FALSE
879,195,2011,FALSE
880,196,2011,FALSE
881,197,2011,FALSE
882,198,2011,NULL
883,199,2011,NULL
884,200,2011,TRUE
885,201,2011,FALSE
886,202,2011,FALSE
887,203,2011,NULL
888,204,2011,NULL
889,205,2011,NULL
890,206,2011,FALSE
891,207,2011,FALSE
892,208,2011,FALSE
893,209,2011,FALSE
894,210,2011,NULL
895,211,2011,NULL
896,212,2011,NULL
897,213,2011,TRUE
898,214,2011,FALSE
899,215,2011,FALSE
900,216,2011,FALSE
901,217,2011,FALSE
902,218,2011,FALSE
903,219,2011,FALSE
904,220,2011,NULL
905,221,2011,NULL
906,222,2011,FALSE
907,223,2011,FALSE
908,224,2011,NULL
909,225,2011,NULL
910,226,2011,TRUE
911,227,2011,TRUE
912,228,2011,TRUE
913,1,2010,TRUE
914,2,2010,FALSE
915,3,2010,FALSE
916,4,2010,NULL
917,5,2010,FALSE
918,6,2010,TRUE
919,7,2010,NULL
920,8,2010,FALSE
921,9,2010,FALSE
922,10,2010,FALSE
923,11,2010,NULL
924,12,2010,NULL
925,13,2010,FALSE
926,14,2010,FALSE
927,15,2010,FALSE
928,16,2010,NULL
929,17,2010,FALSE
930,18,2010,TRUE
931,19,2010,FALSE
932,20,2010,FALSE
933,21,2010,FALSE
934,22,2010,FALSE
935,23,2010,TRUE
936,24,2010,NULL
937,25,2010,TRUE
938,26,2010,FALSE
939,27,2010,FALSE
940,28,2010,FALSE
941,29,2010,FALSE
942,30,2010,NULL
943,31,2010,FALSE
944,32,2010,FALSE
945,33,2010,TRUE
946,34,2010,NULL
947,35,2010,TRUE
948,36,2010,TRUE
949,37,2010,FALSE
950,38,2010,FALSE
951,39,2010,NULL
952,40,2010,NULL
953,41,2010,TRUE
954,42,2010,FALSE
955,43,2010,FALSE
956,44,2010,NULL
957,45,2010,FALSE
958,46,2010,NULL
959,47,2010,TRUE
960,48,2010,TRUE
961,49,2010,FALSE
962,50,2010,TRUE
963,51,2010,FALSE
964,52,2010,FALSE
965,53,2010,FALSE
966,54,2010,FALSE
967,55,2010,NULL
968,56,2010,FALSE
969,57,2010,TRUE
970,58,2010,FALSE
971,59,2010,FALSE
972,60,2010,FALSE
973,61,2010,FALSE
974,62,2010,FALSE
975,63,2010,TRUE
976,64,2010,TRUE
977,65,2010,FALSE
978,66,2010,TRUE
979,67,2010,NULL
980,68,2010,NULL
981,69,2010,FALSE
982,70,2010,FALSE
983,71,2010,FALSE
984,72,2010,NULL
985,73,2010,FALSE
986,74,2010,TRUE
987,75,2010,FALSE
988,76,2010,FALSE
989,77,2010,TRUE
990,78,2010,NULL
991,79,2010,FALSE
992,80,2010,NULL
993,81,2010,FALSE
994,82,2010,NULL
995,83,2010,FALSE
996,84,2010,NULL
997,85,2010,NULL
998,86,2010,TRUE
999,87,2010,FALSE
1000,88,2010,NULL
1001,89,2010,FALSE
1002,90,2010,FALSE
1003,91,2010,FALSE
1004,92,2010,FALSE
1005,93,2010,FALSE
1006,94,2010,FALSE
1007,95,2010,FALSE
1008,96,2010,NULL
1009,97,2010,FALSE
1010,98,2010,FALSE
1011,99,2010,FALSE
1012,100,2010,FALSE
1013,101,2010,FALSE
1014,102,2010,NULL
1015,103,2010,FALSE
1016,104,2010,FALSE
1017,105,2010,TRUE
1018,106,2010,NULL
1019,107,2010,FALSE
1020,108,2010,FALSE
1021,109,2010,FALSE
1022,110,2010,TRUE
1023,111,2010,FALSE
1024,112,2010,FALSE
1025,113,2010,TRUE
1026,114,2010,TRUE
1027,115,2010,NULL
1028,116,2010,NULL
1029,117,2010,FALSE
1030,118,2010,FALSE
1031,119,2010,FALSE
1032,120,2010,TRUE
1033,121,2010,TRUE
1034,122,2010,FALSE
1035,123,2010,FALSE
1036,124,2010,TRUE
1037,125,2010,FALSE
1038,126,2010,NULL
1039,127,2010,TRUE
1040,128,2010,FALSE
1041,129,2010,NULL
1042,130,2010,FALSE
1043,131,2010,NULL
1044,132,2010,FALSE
1045,133,2010,FALSE
1046,134,2010,FALSE
1047,135,2010,FALSE
1048,136,2010,NULL
1049,137,2010,FALSE
1050,138,2010,TRUE
1051,139,2010,TRUE
1052,140,2010,FALSE
1053,141,2010,NULL
1054,142,2010,TRUE
1055,143,2010,NULL
1056,144,2010,FALSE
1057,145,2010,NULL
1058,146,2010,FALSE
1059,147,2010,FALSE
1060,148,2010,NULL
1061,149,2010,TRUE
1062,150,2010,NULL
1063,151,2010,NULL
1064,152,2010,NULL
1065,153,2010,FALSE
1066,154,2010,FALSE
1067,155,2010,TRUE
1068,156,2010,NULL
1069,157,2010,NULL
1070,158,2010,FALSE
1071,159,2010,NULL
1072,160,2010,FALSE
1073,161,2010,FALSE
1074,162,2010,FALSE
1075,163,2010,FALSE
1076,164,2010,FALSE
1077,165,2010,NULL
1078,166,2010,FALSE
1079,167,2010,FALSE
1080,168,2010,FALSE
1081,169,2010,TRUE
1082,170,2010,NULL
1083,171,2010,FALSE
1084,172,2010,NULL
1085,173,2010,FALSE
1086,174,2010,TRUE
1087,175,2010,FALSE
1088,176,2010,FALSE
1089,177,2010,NULL
1090,178,2010,FALSE
1091,179,2010,FALSE
1092,180,2010,FALSE
1093,181,2010,TRUE
1094,182,2010,NULL
1095,183,2010,FALSE
1096,184,2010,NULL
1097,185,2010,FALSE
1098,186,2010,FALSE
1099,187,2010,NULL
1100,188,2010,FALSE
1101,189,2010,FALSE
1102,190,2010,NULL
1103,191,2010,FALSE
1104,192,2010,TRUE
1105,193,2010,FALSE
1106,194,2010,NULL
1107,195,2010,FALSE
1108,196,2010,FALSE
1109,197,2010,FALSE
1110,198,2010,NULL
1111,199,2010,NULL
1112,200,2010,TRUE
1113,201,2010,FALSE
1114,202,2010,FALSE
1115,203,2010,NULL
1116,204,2010,TRUE
1117,205,2010,NULL
1118,206,2010,FALSE
1119,207,2010,FALSE
1120,208,2010,FALSE
1121,209,2010,FALSE
1122,210,2010,NULL
1123,211,2010,NULL
1124,212,2010,NULL
1125,213,2010,TRUE
1126,214,2010,FALSE
1127,215,2010,FALSE
1128,216,2010,FALSE
1129,217,2010,FALSE
1130,218,2010,FALSE
1131,219,2010,NULL
1132,220,2010,FALSE
1133,221,2010,NULL
1134,222,2010,FALSE
1135,223,2010,FALSE
1136,224,2010,NULL
1137,225,2010,NULL
1138,226,2010,NULL
1139,227,2010,TRUE
1140,228,2010,TRUE
1141,1,2008,NULL
1142,2,2008,FALSE
1143,3,2008,FALSE
1144,4,2008,NULL
1145,5,2008,NULL
1146,6,2008,TRUE
1147,7,2008,NULL
1148,8,2008,FALSE
1149,9,2008,FALSE
1150,10,2008,FALSE
1151,11,2008,NULL
1152,12,2008,NULL
1153,13,2008,FALSE
1154,14,2008,FALSE
1155,15,2008,FALSE
1156,16,2008,NULL
1157,17,2008,FALSE
1158,18,2008,TRUE
1159,19,2008,FALSE
1160,20,2008,FALSE
1161,21,2008,FALSE
1162,22,2008,NULL
1163,23,2008,TRUE
1164,24,2008,NULL
1165,25,2008,TRUE
1166,26,2008,FALSE
1167,27,2008,FALSE
1168,28,2008,FALSE
1169,29,2008,FALSE
1170,30,2008,NULL
1171,31,2008,FALSE
1172,32,2008,FALSE
1173,33,2008,TRUE
1174,34,2008,NULL
1175,35,2008,TRUE
1176,36,2008,TRUE
1177,37,2008,FALSE
1178,38,2008,FALSE
1179,39,2008,NULL
1180,40,2008,NULL
1181,41,2008,TRUE
1182,42,2008,FALSE
1183,43,2008,FALSE
1184,44,2008,NULL
1185,45,2008,FALSE
1186,46,2008,TRUE
1187,47,2008,TRUE
1188,48,2008,NULL
1189,49,2008,FALSE
1190,50,2008,TRUE
1191,51,2008,FALSE
1192,52,2008,FALSE
1193,53,2008,FALSE
1194,54,2008,FALSE
1195,55,2008,NULL
1196,56,2008,FALSE
1197,57,2008,TRUE
1198,58,2008,NULL
1199,59,2008,FALSE
1200,60,2008,FALSE
1201,61,2008,FALSE
1202,62,2008,FALSE
1203,63,2008,NULL
1204,64,2008,TRUE
1205,65,2008,FALSE
1206,66,2008,TRUE
1207,67,2008,NULL
1208,68,2008,NULL
1209,69,2008,FALSE
1210,70,2008,FALSE
1211,71,2008,FALSE
1212,72,2008,NULL
1213,73,2008,FALSE
1214,74,2008,TRUE
1215,75,2008,FALSE
1216,76,2008,FALSE
1217,77,2008,TRUE
1218,78,2008,NULL
1219,79,2008,FALSE
1220,80,2008,NULL
1221,81,2008,NULL
1222,82,2008,NULL
1223,83,2008,FALSE
1224,84,2008,NULL
1225,85,2008,TRUE
1226,86,2008,NULL
1227,87,2008,FALSE
1228,88,2008,NULL
1229,89,2008,FALSE
1230,90,2008,FALSE
1231,91,2008,FALSE
1232,92,2008,FALSE
1233,93,2008,TRUE
1234,94,2008,FALSE
1235,95,2008,FALSE
1236,96,2008,NULL
1237,97,2008,FALSE
1238,98,2008,FALSE
1239,99,2008,FALSE
1240,100,2008,FALSE
1241,101,2008,FALSE
1242,102,2008,NULL
1243,103,2008,FALSE
1244,104,2008,FALSE
1245,105,2008,TRUE
1246,106,2008,NULL
1247,107,2008,FALSE
1248,108,2008,NULL
1249,109,2008,FALSE
1250,110,2008,TRUE
1251,111,2008,FALSE
1252,112,2008,FALSE
1253,113,2008,NULL
1254,114,2008,NULL
1255,115,2008,NULL
1256,116,2008,NULL
1257,117,2008,FALSE
1258,118,2008,FALSE
1259,119,2008,FALSE
1260,120,2008,TRUE
1261,121,2008,NULL
1262,122,2008,FALSE
1263,123,2008,FALSE
1264,124,2008,TRUE
1265,125,2008,FALSE
1266,126,2008,NULL
1267,127,2008,TRUE
1268,128,2008,FALSE
1269,129,2008,NULL
1270,130,2008,FALSE
1271,131,2008,NULL
1272,132,2008,FALSE
1273,133,2008,NULL
1274,134,2008,FALSE
1275,135,2008,FALSE
1276,136,2008,NULL
1277,137,2008,FALSE
1278,138,2008,TRUE
1279,139,2008,NULL
1280,140,2008,FALSE
1281,141,2008,NULL
1282,142,2008,TRUE
1283,143,2008,NULL
1284,144,2008,FALSE
1285,145,2008,NULL
1286,146,2008,FALSE
1287,147,2008,FALSE
1288,148,2008,TRUE
1289,149,2008,TRUE
1290,150,2008,NULL
1291,151,2008,NULL
1292,152,2008,NULL
1293,153,2008,FALSE
1294,154,2008,FALSE
1295,155,2008,TRUE
1296,156,2008,NULL
1297,157,2008,NULL
1298,158,2008,FALSE
1299,159,2008,TRUE
1300,160,2008,FALSE
1301,161,2008,FALSE
1302,162,2008,FALSE
1303,163,2008,FALSE
1304,164,2008,FALSE
1305,165,2008,NULL
1306,166,2008,FALSE
1307,167,2008,FALSE
1308,168,2008,FALSE
1309,169,2008,TRUE
1310,170,2008,NULL
1311,171,2008,NULL
1312,172,2008,NULL
1313,173,2008,FALSE
1314,174,2008,TRUE
1315,175,2008,FALSE
1316,176,2008,FALSE
1317,177,2008,NULL
1318,178,2008,FALSE
1319,179,2008,FALSE
1320,180,2008,FALSE
1321,181,2008,NULL
1322,182,2008,NULL
1323,183,2008,FALSE
1324,184,2008,NULL
1325,185,2008,FALSE
1326,186,2008,FALSE
1327,187,2008,NULL
1328,188,2008,NULL
1329,189,2008,NULL
1330,190,2008,NULL
1331,191,2008,NULL
1332,192,2008,NULL
1333,193,2008,FALSE
1334,194,2008,TRUE
1335,195,2008,FALSE
1336,196,2008,FALSE
1337,197,2008,FALSE
1338,198,2008,NULL
1339,199,2008,NULL
1340,200,2008,TRUE
1341,201,2008,FALSE
1342,202,2008,FALSE
1343,203,2008,NULL
1344,204,2008,TRUE
1345,205,2008,NULL
1346,206,2008,NULL
1347,207,2008,FALSE
1348,208,2008,FALSE
1349,209,2008,FALSE
1350,210,2008,FALSE
1351,211,2008,NULL
1352,212,2008,NULL
1353,213,2008,TRUE
1354,214,2008,FALSE
1355,215,2008,FALSE
1356,216,2008,FALSE
1357,217,2008,FALSE
1358,218,2008,FALSE
1359,219,2008,FALSE
1360,220,2008,NULL
1361,221,2008,NULL
1362,222,2008,FALSE
1363,223,2008,FALSE
1364,224,2008,NULL
1365,225,2008,NULL
1366,226,2008,TRUE
1367,227,2008,TRUE
1368,228,2008,TRUE
